,s_name,case p_type when 1 then '阅读' when 2 then '艺术' when 3 then '课程' when 4 then '万里行' end,is_use
0,浦东新区进才外国语中学,阅读,1
1,闵行区平南小学,阅读,1
2,思来氏未来小学,阅读,1
3,长宁区绿苑小学,阅读,1
4,普陀区曹杨实验小学,阅读,1
5,普陀区真如文英中心小学,阅读,1
6,普陀区武宁路小学,阅读,1
7,普陀区中山北路第一小学,阅读,1
8,普陀区朝春中心小学,阅读,1
9,洛川东路小学,阅读,1
10,静安区市西小学,阅读,1
11,徐汇区康健外国语实验小学,阅读,1
12,民办童园实验小学,阅读,0
13,闸北实验小学,阅读,1
14,嘉定区马陆小学,阅读,1
15,常州市实验小学,阅读,1
16,金山区海棠小学,阅读,1
17,杨浦区齐齐哈尔路第一小学,阅读,1
18,上海市金山区教院附小,阅读,1
19,金山区海丰幼儿园,阅读,1
20,宝山区红星幼儿园,阅读,1
21,嘉定区方泰中学,阅读,1
22,长宁区哈密路小学,阅读,1
23,闵行区佳佳中心幼儿园,阅读,1
24,黄浦区复兴东路第三小学,阅读,1
25,宝山区陈伯吹实验幼儿园,阅读,1
26,上海市杨泰实验学校,阅读,1
27,金山区吕巷幼儿园,阅读,1
28,宁波市洪塘中心小学,阅读,1
29,青浦区实验小学,阅读,1
30,徐汇区田林第六幼儿园,阅读,1
31,普陀区华阴小学,阅读,1
32,长宁区愚园路第一小学,阅读,1
33,嘉兴市实验小学,阅读,1
34,北京市八一学校,阅读,1
35,北京市八一学校附属玉泉中学,阅读,1
36,宝山区第三中心小学,阅读,1
37,静安区中山北路小学,阅读,1
38,南宁市位子渌小学,阅读,1
39,合肥市望湖小学,阅读,1
40,杨浦区同济大学附属存志学校,阅读,1
41,闵行区黄浦一中心世博小学,阅读,1
42,海口市英才小学,阅读,0
43,常州市西新桥实验小学,阅读,1
44,金山区亭林小学,阅读,1
45,长宁区复旦小学,阅读,1
46,下町小学校,阅读,1
47,华东师范大学附属小学,阅读,1
48,上海田家炳中学,阅读,1
49,上海理工大学附属中学,阅读,1
50,闵行区绿茵幼儿园,阅读,1
51,宁波市鄞州区江东中心小学,阅读,1
52,上海市实验小学,阅读,1
53,上海市第二师范学校附属小学,阅读,1
54,奉贤区解放路小学,阅读,1
55,长宁区开元小学,阅读,1
56,上海棋院实验小学,阅读,1
57,郑州市二七区永安街小学,阅读,1
58,上海理工大学附属小学,阅读,1
59,青岛市城阳区城阳街道大北曲小学,阅读,1
60,上海市闸北田家炳小学,阅读,1
61,青岛市城阳区城阳街道田村小学,阅读,1
62,松江区九亭第四小学,阅读,1
63,嘉定区华江小学,阅读,1
64,闵行区华坪小学,阅读,1
65,未来创新课堂,阅读,1
66,闵行区莘庄幼儿园,阅读,1
67,深圳市南山文理实验学校,阅读,1
68,深圳市福田区荔园小学,阅读,1
69,杨浦区杨浦小学,阅读,1
70,常州市武进区星河小学,阅读,1
71,青岛市城阳区城阳街道后桃林小学,阅读,1
72,杭州市文新小学,阅读,0
73,长宁区北新泾第二小学,阅读,1
74,嘉定区紫荆小学,阅读,1
75,潍坊市北海双语学校,阅读,1
76,上海市民办阳浦小学,阅读,1
77,杨浦区平凉路第三小学,阅读,1
78,杨浦区平凉路第四小学,阅读,1
79,杨浦区建设小学,阅读,1
80,杨浦区杭州路第一小学,阅读,1
81,杨浦区长白二村小学分校,阅读,1
82,杨浦区水丰路小学,阅读,1
83,杨浦区水丰路小学分校,阅读,1
84,杨浦区内江路第二小学,阅读,1
85,杨浦区国和小学,阅读,0
86,松江区九亭第三小学,阅读,1
87,徐汇区徐汇实验小学,阅读,1
88,思来氏未来教师学院,阅读,1
89,博通读写堂,阅读,1
90,上海市教育科学研究院实验小学,阅读,0
91,上海市平和双语学校,阅读,1
92,静安区闸北成功教育实验小学,阅读,1
93,深圳市福田区教科院附小,阅读,1
94,宝山区第二中心小学,阅读,1
95,上海青浦世界外国语学校,阅读,1
96,黄浦区北京东路小学,阅读,1
97,杨浦区回民小学,阅读,1
98,普陀区平利路第一小学,阅读,1
99,嘉定区金鹤小学,阅读,1
100,普陀区联建小学,阅读,1
101,长宁实验小学,阅读,1
102,上海市控江中学,阅读,1
103,上海市市东中学,阅读,1
104,同济大学第一附属中学,阅读,1
105,上实剑桥外国语中学,阅读,1
106,上海市杨浦职业技术学校,阅读,1
107,上海体育学院附属中学,阅读,1
108,上海财经大学附属中学,阅读,1
109,杨浦高级中学,阅读,1
110,上海市中原中学,阅读,1
111,上海市复旦实验中学,阅读,1
112,上海市少云中学,阅读,1
113,民星中学,阅读,1
114,黄浦区海华小学,阅读,1
115,上海外国语大学尚阳外国语学校,阅读,1
116,蒙城县祥龙希望学校,阅读,1
117,浦东新区进才外国语中学,艺术,1
118,闵行区平南小学,艺术,0
119,思来氏未来小学,艺术,1
120,长宁区绿苑小学,艺术,1
121,普陀区曹杨实验小学,艺术,1
122,普陀区真如文英中心小学,艺术,1
123,普陀区武宁路小学,艺术,1
124,普陀区中山北路第一小学,艺术,1
125,普陀区朝春中心小学,艺术,1
126,洛川东路小学,艺术,1
127,静安区市西小学,艺术,1
128,徐汇区康健外国语实验小学,艺术,1
129,民办童园实验小学,艺术,1
130,闸北实验小学,艺术,1
131,嘉定区马陆小学,艺术,1
132,常州市实验小学,艺术,1
133,金山区海棠小学,艺术,1
134,杨浦区齐齐哈尔路第一小学,艺术,1
135,上海市金山区教院附小,艺术,1
136,金山区海丰幼儿园,艺术,1
137,宝山区红星幼儿园,艺术,1
138,嘉定区方泰中学,艺术,1
139,长宁区哈密路小学,艺术,1
140,闵行区佳佳中心幼儿园,艺术,1
141,黄浦区复兴东路第三小学,艺术,1
142,宝山区陈伯吹实验幼儿园,艺术,1
143,上海市杨泰实验学校,艺术,1
144,金山区吕巷幼儿园,艺术,1
145,宁波市洪塘中心小学,艺术,1
146,青浦区实验小学,艺术,1
147,徐汇区田林第六幼儿园,艺术,1
148,普陀区华阴小学,艺术,1
149,长宁区愚园路第一小学,艺术,1
150,嘉兴市实验小学,艺术,1
151,北京市八一学校,艺术,1
152,北京市八一学校附属玉泉中学,艺术,1
153,宝山区第三中心小学,艺术,1
154,静安区中山北路小学,艺术,1
155,南宁市位子渌小学,艺术,1
156,合肥市望湖小学,艺术,1
157,杨浦区同济大学附属存志学校,艺术,1
158,闵行区黄浦一中心世博小学,艺术,1
159,海口市英才小学,艺术,1
160,常州市西新桥实验小学,艺术,1
161,金山区亭林小学,艺术,1
162,长宁区复旦小学,艺术,1
163,下町小学校,艺术,1
164,华东师范大学附属小学,艺术,1
165,上海田家炳中学,艺术,1
166,上海理工大学附属中学,艺术,1
167,闵行区绿茵幼儿园,艺术,1
168,宁波市鄞州区江东中心小学,艺术,1
169,上海市实验小学,艺术,1
170,上海市第二师范学校附属小学,艺术,1
171,奉贤区解放路小学,艺术,1
172,长宁区开元小学,艺术,1
173,上海棋院实验小学,艺术,1
174,郑州市二七区永安街小学,艺术,1
175,上海理工大学附属小学,艺术,1
176,青岛市城阳区城阳街道大北曲小学,艺术,1
177,上海市闸北田家炳小学,艺术,1
178,青岛市城阳区城阳街道田村小学,艺术,1
179,松江区九亭第四小学,艺术,1
180,嘉定区华江小学,艺术,1
181,闵行区华坪小学,艺术,1
182,未来创新课堂,艺术,1
183,闵行区莘庄幼儿园,艺术,1
184,深圳市南山文理实验学校,艺术,1
185,深圳市福田区荔园小学,艺术,1
186,杨浦区杨浦小学,艺术,1
187,常州市武进区星河小学,艺术,1
188,青岛市城阳区城阳街道后桃林小学,艺术,1
189,杭州市文新小学,艺术,1
190,长宁区北新泾第二小学,艺术,1
191,嘉定区紫荆小学,艺术,1
192,潍坊市北海双语学校,艺术,1
193,上海市民办阳浦小学,艺术,1
194,杨浦区平凉路第三小学,艺术,1
195,杨浦区平凉路第四小学,艺术,1
196,杨浦区建设小学,艺术,1
197,杨浦区杭州路第一小学,艺术,1
198,杨浦区长白二村小学分校,艺术,1
199,杨浦区水丰路小学,艺术,1
200,杨浦区水丰路小学分校,艺术,1
201,杨浦区内江路第二小学,艺术,1
202,杨浦区国和小学,艺术,1
203,松江区九亭第三小学,艺术,1
204,徐汇区徐汇实验小学,艺术,1
205,思来氏未来教师学院,艺术,1
206,博通读写堂,艺术,1
207,上海市教育科学研究院实验小学,艺术,1
208,上海市平和双语学校,艺术,1
209,静安区闸北成功教育实验小学,艺术,1
210,深圳市福田区教科院附小,艺术,1
211,宝山区第二中心小学,艺术,1
212,上海青浦世界外国语学校,艺术,1
213,黄浦区北京东路小学,艺术,1
214,杨浦区回民小学,艺术,1
215,普陀区平利路第一小学,艺术,1
216,嘉定区金鹤小学,艺术,1
217,普陀区联建小学,艺术,1
218,长宁实验小学,艺术,1
219,上海市控江中学,艺术,1
220,上海市市东中学,艺术,1
221,同济大学第一附属中学,艺术,1
222,上实剑桥外国语中学,艺术,1
223,上海市杨浦职业技术学校,艺术,1
224,上海体育学院附属中学,艺术,1
225,上海财经大学附属中学,艺术,1
226,杨浦高级中学,艺术,1
227,上海市中原中学,艺术,1
228,上海市复旦实验中学,艺术,1
229,上海市少云中学,艺术,1
230,民星中学,艺术,1
231,黄浦区海华小学,艺术,1
232,上海外国语大学尚阳外国语学校,艺术,1
233,蒙城县祥龙希望学校,艺术,1
234,浦东新区临沂八村幼儿园,阅读,1
235,浦东新区临沂八村幼儿园,艺术,1
236,上海师范大学第二附属中学,阅读,1
237,上海师范大学第二附属中学,艺术,1
238,上海市嘉定区迎园中学,阅读,1
239,上海市嘉定区迎园中学,艺术,1
240,嘉定区封浜小学,阅读,1
241,嘉定区封浜小学,艺术,1
242,合肥师范附小,阅读,1
243,合肥师范附小,艺术,1
244,溧阳市第二实验小学,阅读,1
245,溧阳市第二实验小学,艺术,1
246,杭州市下沙第一小学,阅读,1
247,杭州市下沙第一小学,艺术,1
248,上海市光新学校,阅读,1
249,上海市光新学校,艺术,1
250,杨浦区教师进修学院实验小学,阅读,1
251,杨浦区教师进修学院实验小学,艺术,1
252,郑州市郑东新区畅和街小学,阅读,1
253,郑州市郑东新区畅和街小学,艺术,1
254,浦东新区第二中心小学,阅读,1
255,浦东新区第二中心小学,艺术,1
256,普陀区豪园幼儿园,阅读,1
257,普陀区豪园幼儿园,艺术,1
258,深圳市福田区福强小学,阅读,1
259,深圳市福田区福强小学,艺术,1
260,静安区中华新路幼儿园,阅读,1
261,静安区中华新路幼儿园,艺术,1
262,闵行区实验小学,阅读,1
263,闵行区实验小学,艺术,1
264,漂流图书馆,阅读,1
265,漂流图书馆,艺术,1
266,上海市实验学校附属小学,阅读,1
267,上海市实验学校附属小学,艺术,0
268,嘉定区练川实验学校,阅读,1
269,嘉定区练川实验学校,艺术,1
270,嘉定区迎园小学,阅读,1
271,嘉定区迎园小学,艺术,1
272,嘉定区新成路小学,阅读,1
273,嘉定区新成路小学,艺术,1
274,静安区蕃瓜弄小学,阅读,1
275,静安区蕃瓜弄小学,艺术,1
276,深圳市福田区东海实验小学,阅读,1
277,深圳市福田区东海实验小学,艺术,1
278,静安区烽火幼儿园,阅读,1
279,静安区烽火幼儿园,艺术,1
280,虹口区柳营路小学,阅读,1
281,虹口区柳营路小学,艺术,1
282,上海同济黄渡小学,阅读,1
283,上海同济黄渡小学,艺术,1
284,嘉定区叶城小学,阅读,1
285,嘉定区叶城小学,艺术,1
286,嘉定区安亭小学,阅读,1
287,嘉定区安亭小学,艺术,1
288,嘉定区德富路小学,阅读,1
289,嘉定区德富路小学,艺术,1
290,嘉定区南翔小学,阅读,1
291,嘉定区南翔小学,艺术,1
292,嘉定区真新小学,阅读,1
293,嘉定区真新小学,艺术,1
294,嘉定区苏民学校,阅读,1
295,嘉定区苏民学校,艺术,1
296,嘉定区城中路小学,阅读,1
297,嘉定区城中路小学,艺术,1
298,嘉定区戬浜学校,阅读,1
299,嘉定区戬浜学校,艺术,1
300,嘉定区普通小学,阅读,0
301,嘉定区普通小学,艺术,0
302,闵行区平阳小学,阅读,1
303,闵行区平阳小学,艺术,1
304,深圳市福田区园岭实验小学,阅读,1
305,深圳市福田区园岭实验小学,艺术,1
306,三亚市第九小学,阅读,1
307,三亚市第九小学,艺术,1
308,嘉定区绿地小学,阅读,1
309,嘉定区绿地小学,艺术,1
310,合肥市西园新村小学,阅读,1
311,合肥市西园新村小学,艺术,1
312,嘉定区古猗小学,阅读,1
313,嘉定区古猗小学,艺术,1
314,上海市民办新世纪小学,阅读,1
315,上海市民办新世纪小学,艺术,1
316,思来氏幼儿园,阅读,1
317,思来氏幼儿园,艺术,1
318,江苏省常州高级中学,阅读,1
319,江苏省常州高级中学,艺术,1
320,普陀区真光小学,阅读,1
321,普陀区真光小学,艺术,1
322,黄浦区曹光彪小学,阅读,1
323,黄浦区曹光彪小学,艺术,1
324,常州市五星实验小学,阅读,1
325,常州市五星实验小学,艺术,1
326,重庆市巴蜀小学,阅读,1
327,重庆市巴蜀小学,艺术,1
328,广州市海珠区第三实验小学,阅读,1
329,广州市海珠区第三实验小学,艺术,1
330,广州市天河区华阳小学,阅读,1
331,广州市天河区华阳小学,艺术,1
332,重庆市璧山区实验小学,阅读,1
333,重庆市璧山区实验小学,艺术,1
334,常州市青龙实验小学,阅读,0
335,常州市青龙实验小学,艺术,1
336,常州市焦溪小学,阅读,1
337,常州市焦溪小学,艺术,1
338,常州市红梅实验小学,阅读,1
339,常州市红梅实验小学,艺术,1
340,常州市清凉小学,阅读,1
341,常州市清凉小学,艺术,1
342,常州市郑陆中心幼儿园,阅读,1
343,常州市郑陆中心幼儿园,艺术,1
344,常州市娑罗巷幼儿园,阅读,1
345,常州市娑罗巷幼儿园,艺术,1
346,常州市青龙中心幼儿园,阅读,1
347,常州市青龙中心幼儿园,艺术,1
348,常州市兰陵小学,阅读,1
349,常州市兰陵小学,艺术,1
350,常州市丽华新村第二小学,阅读,1
351,常州市丽华新村第二小学,艺术,1
352,香格里拉市建塘小学,阅读,1
353,香格里拉市建塘小学,艺术,1
354,淄博市淄川区实验小学,阅读,1
355,淄博市淄川区实验小学,艺术,0
356,青果学校,阅读,1
357,青果学校,艺术,1
358,上海市宜川中学附属学校,阅读,1
359,上海市宜川中学附属学校,艺术,1
360,徐汇区启新小学,阅读,1
361,徐汇区启新小学,艺术,1
362,南京市小营小学,阅读,1
363,南京市小营小学,艺术,1
364,福州市梅峰小学,阅读,1
365,福州市梅峰小学,艺术,1
366,武汉市武昌实验寄宿小学,阅读,1
367,武汉市武昌实验寄宿小学,艺术,1
368,思来氏未来小学,课程,1
369,静安区中华新路幼儿园,课程,1
370,静安区蕃瓜弄小学,课程,1
371,静安区烽火幼儿园,课程,1
372,常州市五星实验小学,课程,1
373,常州市兰陵小学,课程,1
374,淄博市淄川区实验小学,课程,1
375,武汉市武昌实验寄宿小学,课程,1
376,常州市清凉小学,课程,1
377,长宁区开元小学,课程,1
378,深圳市福田区教科院附小,课程,1
379,溧阳市第二实验小学,课程,1
380,深圳市福田区园岭实验小学,课程,1
381,江苏省常州高级中学,课程,1
382,重庆市巴蜀小学,课程,1
383,黄浦区北京东路小学,课程,1
384,浦东新区进才外国语中学,课程,0
385,浦东新区进才外国语中学,万里行,1
386,思来氏未来小学,万里行,1
387,长宁区绿苑小学,万里行,1
388,徐汇区康健外国语实验小学,万里行,1
389,常州市实验小学,万里行,1
390,青浦区实验小学,万里行,1
391,常州市西新桥实验小学,万里行,1
392,下町小学校,万里行,1
393,上海市第二师范学校附属小学,万里行,1
394,奉贤区解放路小学,万里行,1
395,长宁区开元小学,万里行,1
396,上海棋院实验小学,万里行,0
397,闵行区华坪小学,万里行,1
398,未来创新课堂,万里行,1
399,闵行区莘庄幼儿园,万里行,1
400,深圳市福田区荔园小学,万里行,1
401,杨浦区杨浦小学,万里行,1
402,常州市武进区星河小学,万里行,1
403,嘉定区紫荆小学,万里行,1
404,杨浦区平凉路第三小学,万里行,1
405,杨浦区平凉路第四小学,万里行,1
406,杨浦区建设小学,万里行,1
407,杨浦区杭州路第一小学,万里行,1
408,思来氏未来教师学院,万里行,1
409,静安区闸北成功教育实验小学,万里行,1
410,深圳市福田区教科院附小,万里行,1
411,宝山区第二中心小学,万里行,1
412,上海青浦世界外国语学校,万里行,1
413,长宁实验小学,万里行,1
414,黄浦区海华小学,万里行,1
415,上海外国语大学尚阳外国语学校,万里行,1
416,蒙城县祥龙希望学校,万里行,1
417,浦东新区临沂八村幼儿园,万里行,1
418,溧阳市第二实验小学,万里行,1
419,上海市光新学校,万里行,1
420,郑州市郑东新区畅和街小学,万里行,1
421,普陀区豪园幼儿园,万里行,1
422,静安区中华新路幼儿园,万里行,1
423,静安区蕃瓜弄小学,万里行,1
424,静安区烽火幼儿园,万里行,1
425,深圳市福田区园岭实验小学,万里行,1
426,三亚市第九小学,万里行,1
427,合肥市西园新村小学,万里行,1
428,思来氏幼儿园,万里行,1
429,江苏省常州高级中学,万里行,1
430,黄浦区曹光彪小学,万里行,1
431,常州市五星实验小学,万里行,1
432,重庆市巴蜀小学,万里行,1
433,广州市海珠区第三实验小学,万里行,1
434,重庆市璧山区实验小学,万里行,1
435,常州市郑陆中心幼儿园,万里行,1
436,常州市青龙中心幼儿园,万里行,1
437,常州市兰陵小学,万里行,1
438,淄博市淄川区实验小学,万里行,1
439,徐汇区启新小学,万里行,1
440,南京市小营小学,万里行,1
441,福州市梅峰小学,万里行,1
442,武汉市武昌实验寄宿小学,万里行,1
443,杨浦区六一小学,阅读,1
444,杨浦区六一小学,艺术,1
445,杨浦区六一小学,课程,1
446,杨浦区政立路小学,阅读,1
447,杨浦区政立路小学,艺术,1
448,杨浦区政立路小学,课程,1
449,宝山区第二中心小学,课程,1
450,静安区闸北成功教育实验小学,课程,1
451,上海棋院实验小学,课程,1
452,黄浦区曹光彪小学,课程,1
453,徐汇区启新小学,课程,1
454,重庆市璧山区实验小学,课程,1
455,常州市青龙中心幼儿园,课程,1
456,福州市梅峰小学,课程,1
457,杨浦区世界小学,阅读,1
458,杨浦区世界小学,艺术,1
459,杨浦区世界小学,课程,1
460,杨浦区市光新村第一小学,阅读,1
461,杨浦区市光新村第一小学,艺术,1
462,杨浦区市光新村第一小学,课程,1
463,常州市新北区新桥实验小学,阅读,1
464,常州市新北区新桥实验小学,艺术,1
465,常州市新北区新桥实验小学,课程,1
466,常德市武陵区北正街小学,阅读,1
467,常德市武陵区北正街小学,艺术,1
468,常德市武陵区北正街小学,课程,1
469,丹东市第十四中学,阅读,1
470,丹东市第十四中学,艺术,1
471,丹东市第十四中学,课程,1
472,嘉定区清水路小学,阅读,1
473,嘉定区清水路小学,艺术,1
474,嘉定区清水路小学,课程,1
475,上海市七宝实验小学,阅读,1
476,上海市七宝实验小学,艺术,1
477,上海市七宝实验小学,课程,1
478,上海市宜川中学附属学校,课程,1
479,思来氏未来小学,阅读,0
480,常州市青龙实验小学,阅读,1
481,杨浦区市光新村第一小学,阅读,0
482,民办童园实验小学,阅读,1
483,嘉定区普通小学,阅读,1
484,嘉定区南苑小学,阅读,1
485,嘉定区南苑小学,艺术,1
486,嘉定区南苑小学,课程,1
487,常州市娑罗巷幼儿园,课程,0
488,嘉定区绿地小学,万里行,1
489,宁波市鄞州区江东中心小学,课程,1
490,宁波市鄞州区江东中心小学,阅读,0
491,漂流图书馆,阅读,1
492,常州市丽华新村第二小学,万里行,1
493,常州市郑陆中心幼儿园,万里行,0
494,杨浦区教师进修学院实验小学,万里行,1
495,江苏省常州高级中学,万里行,1
496,常州市武进区星河小学,万里行,0
497,上海市宜川中学附属学校,阅读,1
498,上海市宜川中学附属学校,艺术,1
499,宁波市鄞州区江东中心小学,万里行,1
500,黄浦区卢湾三中心小学,阅读,1
501,黄浦区卢湾三中心小学,艺术,1
502,黄浦区卢湾三中心小学,课程,1
503,金山区枫泾小学,阅读,0
504,金山区枫泾小学,艺术,0
505,金山区枫泾小学,课程,0
506,金山区兴塔小学,阅读,0
507,金山区兴塔小学,艺术,0
508,金山区兴塔小学,课程,0
509,金山区第二实验小学,阅读,0
510,金山区第二实验小学,艺术,0
511,金山区第二实验小学,课程,0
512,金山区石化第一小学,阅读,1
513,金山区石化第一小学,艺术,1
514,金山区石化第一小学,课程,1
515,常州市翠竹中学,阅读,0
516,常州市翠竹中学,艺术,0
517,常州市翠竹中学,课程,0
518,杨浦区回民小学,万里行,1
519,常州市清凉小学,万里行,1
520,海口市英才小学,阅读,0
521,海口市英才小学,阅读,1
522,,,0
523,金山区松隐小学,阅读,1
524,金山区松隐小学,艺术,1
525,金山区松隐小学,课程,1
526,金山区钱圩小学,阅读,1
527,金山区钱圩小学,艺术,1
528,金山区钱圩小学,课程,1
529,宝山区庙行实验学校,阅读,1
530,宝山区庙行实验学校,艺术,1
531,宝山区庙行实验学校,课程,0
532,普陀区回民小学,阅读,1
533,普陀区回民小学,艺术,1
534,普陀区回民小学,课程,1
535,奉贤区塘外中学,阅读,1
536,奉贤区塘外中学,艺术,1
537,奉贤区塘外中学,课程,1
538,金山区石化第五小学,阅读,1
539,金山区石化第五小学,艺术,1
540,金山区石化第五小学,课程,1
541,金山区吕巷小学,阅读,1
542,金山区吕巷小学,艺术,1
543,金山区吕巷小学,课程,1
544,金山区学府小学,阅读,0
545,金山区学府小学,艺术,0
546,金山区学府小学,课程,0
547,,,0
548,斐泓艺术,艺术,1
549,嘉定区古猗小学,万里行,1
550,常州市娑罗巷幼儿园,万里行,1
551,金山区张堰小学,阅读,1
552,金山区张堰小学,艺术,1
553,金山区张堰小学,课程,1
554,北京市大兴区亦庄第一中心小学,阅读,1
555,北京市大兴区亦庄第一中心小学,艺术,1
556,北京市大兴区亦庄第一中心小学,课程,1
557,三亚市吉阳区海罗小学,阅读,1
558,三亚市吉阳区海罗小学,艺术,1
559,三亚市吉阳区海罗小学,课程,1
560,徐汇区高安路第一小学,阅读,0
561,徐汇区高安路第一小学,艺术,0
562,徐汇区高安路第一小学,课程,0
563,郑州市中原区育才小学,阅读,1
564,郑州市中原区育才小学,艺术,1
565,郑州市中原区育才小学,课程,1
566,郑州市中原区绿都城小学,阅读,1
567,郑州市中原区绿都城小学,艺术,1
568,郑州市中原区绿都城小学,课程,1
569,嘉定区望新小学,阅读,1
570,嘉定区望新小学,艺术,1
571,嘉定区望新小学,课程,1
572,山西省太谷师范附属小学,阅读,1
573,山西省太谷师范附属小学,艺术,1
574,山西省太谷师范附属小学,课程,1
575,静安区市西小学,阅读,1
576,闸北实验小学,阅读,1
577,长宁区哈密路小学,阅读,1
578,静安区中山北路小学,阅读,1
579,嘉定区方泰中学,阅读,1
580,上海市杨泰实验学校,阅读,1
581,宝山区第三中心小学,阅读,1
582,闵行区绿茵幼儿园,阅读,1
583,嘉定区华江小学,阅读,1
584,上海交通大学附属实验小学,阅读,1
585,上海交通大学附属实验小学,艺术,1
586,上海交通大学附属实验小学,课程,1
587,静安区中山北路小学,课程,1
588,太谷县北残我馊希望学校,阅读,1
589,太谷县小白乡小白小学,阅读,1
590,太谷县阳邑乡阳邑学校,阅读,1
591,山西农业大学附属学校,阅读,0
592,溧阳市殷桥小学,阅读,1
593,溧阳市汤桥小学,阅读,0
594,太谷县北残我馊希望学校,艺术,1
595,太谷县小白乡小白小学,艺术,1
596,太谷县阳邑乡阳邑学校,艺术,1
597,杨浦区民星路小学,阅读,0
598,嘉定区马陆育才联合中学,阅读,1
599,嘉定区江桥小学,阅读,1
600,杨浦区政立路小学,万里行,1
601,杨浦区世界小学,万里行,1
602,金山区学府小学,万里行,1
603,溧阳市南渡中心幼儿园,阅读,0
604,溧阳市溧城镇昆仑小学,阅读,1
605,溧阳市泓口小学,阅读,0
606,上海市嘉定区迎园中学,课程,1
607,上海棋院实验小学,万里行,1
608,嘉定区江桥小学,艺术,1
609,嘉定区马陆育才联合中学,艺术,1
610,小思精英学院,阅读,0
611,小思精英学院,阅读,1
612,小思精英学院,艺术,1
613,黄浦区光明小学,阅读,1
614,黄浦区光明小学,艺术,1
615,黄浦区光明小学,课程,1
616,溧阳市外国语学校,阅读,1
617,溧阳市外国语学校,艺术,1
618,溧阳市殷桥小学,艺术,1
619,溧阳市殷桥小学,课程,1
620,溧阳市溧城镇昆仑小学,艺术,1
621,溧阳市溧城镇昆仑小学,课程,1
622,溧阳市南渡中心幼儿园,万里行,1
623,溧阳市泓口小学,万里行,1
624,溧阳市竹箦中心小学,阅读,1
625,溧阳市上兴中心小学,阅读,0
626,溧阳市竹箦中心小学,艺术,1
627,溧阳市竹箦中心小学,课程,1
628,溧阳市汤桥小学,万里行,1
629,溧阳市竹箦中心小学,万里行,1
630,溧阳市上兴中心小学,万里行,1
631,常州市钟楼实验小学,阅读,0
632,合肥市乐农新村小学,阅读,0
633,无锡市育红小学,阅读,1
634,常州市钟楼实验小学,万里行,1
635,金山区吕巷小学,万里行,1
636,郑州市二七区永安街小学,课程,1
637,嘉定区江桥小学,课程,1
638,上海市金山区教院附小,课程,1
639,金山区亭林小学,课程,1
640,青浦区实验小学,课程,1
641,上海市实验小学,课程,1
642,杨浦区杭州路第一小学,课程,1
643,常州市焦溪小学,课程,1
644,常州市青龙实验小学,课程,1
645,上海师范大学第一附属小学,阅读,0
646,普陀区曹杨新村第六小学,阅读,1
647,浦东新区新世界实验小学,阅读,1
648,闵行区罗阳小学,阅读,0
649,长宁区虹桥机场小学,阅读,0
650,上海市静安小学,阅读,0
651,黄浦区梅溪小学,阅读,0
652,静安区彭浦新村第一小学,阅读,0
653,静安区西康路第三小学,阅读,0
654,奉贤区头桥小学,阅读,0
655,奉贤区育秀实验学校,阅读,0
656,奉贤区弘文学校,阅读,0
657,奉贤区江山小学,阅读,0
658,奉贤区南桥小学,阅读,0
659,奉贤区奉城第一小学,阅读,0
660,奉贤区奉城第二小学,阅读,0
661,奉贤区华亭学校,阅读,0
662,金山区山阳小学,阅读,0
663,金山区朱行小学,阅读,0
664,金山区朱泾第二小学,阅读,0
665,黄浦区复兴中路第二小学,阅读,0
666,黄浦区蓬莱路第二小学,阅读,0
667,静安区保德路小学,阅读,0
668,静安区第三中心小学,阅读,0
669,静安区临汾路小学,阅读,1
670,普陀区教育学院附属学校,阅读,0
671,普陀区金沙江路小学,阅读,0
672,普陀区陆家宅小学,阅读,0
673,上海市沙田学校,阅读,0
674,徐汇区东二小学,阅读,0
675,徐汇区上海小学,阅读,0
676,徐汇区田林第三小学,阅读,0
677,杨浦区工农新村小学,阅读,0
678,长宁区天山第二小学,阅读,0
679,长宁区新虹桥小学,阅读,0
680,华东理工大学附属小学,阅读,1
681,宝山区大华小学,阅读,0
682,嘉定区嘉涛路小学,阅读,0
683,杨浦区回民小学,课程,1
684,杨浦区回民小学,阅读,1
685,普陀区平利路第一小学,课程,1
686,普陀区平利路第一小学,阅读,1
687,溧阳市外国语学校,课程,1
688,嘉定区马陆育才联合中学,课程,1
689,上海市教育科学研究院实验小学,课程,1
690,常州市红梅实验小学,课程,1
691,太谷县北残我馊希望学校,课程,1
692,太谷县小白乡小白小学,课程,1
693,太谷县阳邑乡阳邑学校,课程,1
694,山西省太谷师范附属小学,万里行,1
695,太谷县北残我馊希望学校,万里行,1
696,太谷县小白乡小白小学,万里行,1
697,太谷县阳邑乡阳邑学校,万里行,1
698,山西农业大学附属学校,万里行,1
699,长宁区绿苑小学,课程,1
700,杨浦区市光新村第一小学,万里行,1
701,思来氏未来小学,,1
702,嘉定区紫荆小学,阅读,1
703,嘉定区紫荆小学,艺术,1
704,嘉定区紫荆小学,课程,1
705,上海青浦世界外国语学校,,1
706,嘉定区方泰中学,课程,1
707,上海市杨泰实验学校,课程,1
708,宝山区第三中心小学,课程,1
709,闵行区绿茵幼儿园,课程,1
710,嘉定区华江小学,课程,1
711,杨浦区杨浦小学,课程,1
712,金山区吕巷幼儿园,课程,1
713,华东师范大学附属小学,课程,1
714,杨浦区平凉路第四小学,课程,1
715,长宁区复旦小学,课程,1
716,金山区海丰幼儿园,课程,1
717,嘉定区苏民学校,课程,1
718,徐汇区康健外国语实验小学,阅读,1
719,徐汇区康健外国语实验小学,课程,1
720,常州市实验小学,课程,1
721,常州市武进区星河小学,课程,1
722,杨浦区建设小学,课程,1
723,长宁实验小学,课程,1
724,嘉定区封浜小学,课程,1
725,广州市海珠区第三实验小学,课程,1
726,嘉兴市实验小学,阅读,1
727,闵行区罗阳小学,,1
728,浦东新区新世界实验小学,,1
729,上海市闸北田家炳小学,,1
730,杨浦区杨浦小学,,1
731,杨浦区建设小学,,1
732,杨浦区回民小学,,1
733,普陀区平利路第一小学,,1
734,嘉定区金鹤小学,,1
735,普陀区联建小学,,1
736,嘉定区封浜小学,,1
737,上海交通大学附属实验小学,,1
738,嘉定区安亭小学,,1
739,嘉定区戬浜学校,,1
740,上海市七宝实验小学,,1
741,徐汇区高安路第一小学,,1
742,嘉定区江桥小学,,1
743,杨浦区民星路小学,,1
744,北京市八一学校附属玉泉中学,课程,1
745,北京市八一学校,课程,1
746,小思精英学院,课程,1
747,闵行区康城幼儿园,阅读,0
748,斐泓艺术,阅读,1
749,斐泓艺术,课程,1
750,黄浦区四川南路小学,阅读,1
751,海口市第二十六小学,阅读,1
752,文昌市第一小学,阅读,1
753,琼海市实验小学,阅读,1
754,陵水黎族自治县北斗小学,阅读,1
755,三亚市丹州小学,阅读,0
756,海口市琼山第四小学,阅读,1
757,海口市滨海第九小学,阅读,1
758,海口市海燕小学,阅读,1
759,海口市第十三小学,阅读,1
760,琼海市第一小学,阅读,1
761,黄浦区四川南路小学,,1
762,徐汇区徐汇实验小学,阅读,1
763,小思霍格沃兹,阅读,0
764,小思霍格沃兹,阅读,1
765,小思霍格沃兹,艺术,1
766,小思霍格沃兹,课程,1
767,杨浦区教育局,阅读,1
768,杨浦区教育局,课程,1
769,杨浦区教育局,艺术,1
770,杭州市文新小学,阅读,1
771,杭州市文新小学,课程,1
772,蒙城县祥龙希望学校,课程,1
773,长宁实验小学,,1
774,海口市琼山第五小学,阅读,1
775,海口市琼山第五小学,艺术,1
776,海口市琼山第五小学,课程,1
777,华东理工大学附属小学,艺术,1
778,华东理工大学附属小学,课程,1
779,闵行区康城幼儿园,万里行,1
780,溧阳市戴埠中心幼儿园,阅读,0
781,徐汇区龙山幼儿园,阅读,1
782,浦东新区东港小学,阅读,0
783,文昌市第三小学,阅读,1
784,PCDP-INFANT SCHOOL,阅读,0
785,济南市纬二路小学,阅读,1
786,济南市纬二路小学,艺术,1
787,济南市纬二路小学,课程,1
788,济南市纬二路小学,万里行,1
789,上海师范大学第二附属中学,课程,1
790,宝山区第二中心小学,万里行,1
791,紫卡注册用户学校,阅读,0
792,温岭市松门镇中心小学,阅读,0
793,金山区松隐小学,万里行,1
794,浦东新区第二中心小学,课程,1
795,北京市大兴区亦庄第一中心小学,万里行,1
796,徐汇区龙山幼儿园,课程,1
797,徐汇区龙山幼儿园,艺术,1
798,浦东新区东港小学,万里行,1
799,合肥师范附小,课程,1
800,郑州市二七区永安街小学,阅读,1
801,长宁区北新泾第二小学,课程,1
802,长宁区北新泾第二小学,阅读,1
803,常州市新北区新桥实验小学,万里行,1
804,合肥市西园新村小学,课程,1
805,常州市西新桥实验小学,,1
806,常州市西新桥实验小学,阅读,1
807,常州市西新桥实验小学,课程,1
808,三亚市丹州小学,阅读,1
809,溧阳市戴埠中心幼儿园,万里行,1
810,上海外国语大学尚阳外国语学校,课程,0
811,浦东新区第二中心小学,,1
812,浦东新区新世界实验小学,,1
813,上海市干巷学校,阅读,1
814,长宁区开元小学,万里行,1
815,金山区张堰小学,万里行,1
816,静安区大宁国际幼儿园,阅读,0
817,闵行区莘庄幼儿园,课程,1
818,金山区钱圩小学,万里行,1
819,郑州市二七区祥云路小学,阅读,1
820,新市镇中心小学,阅读,1
821,嘉定区戬浜学校,课程,1
822,长宁区开元小学,阅读,1
823,合肥市乐农新村小学,阅读,1
824,合肥市乐农新村小学,艺术,1
825,合肥市乐农新村小学,课程,1
826,合肥市乐农新村小学,万里行,1
827,杨浦区平凉路第三小学,课程,1
828,静安区威海路第三小学,阅读,0
829,小思名人堂「Hall of fame」,阅读,1
830,上海市教育科学研究院实验小学,阅读,1
831,上海外国语大学尚阳外国语学校,课程,1
832,溧阳市中关村实验小学,阅读,0
833,溧阳市实验幼儿园,阅读,0
834,小思名人堂「Hall of fame」,课程,1
835,小思名人堂「Hall of fame」,艺术,1
836,郑州市金水区南阳路第三小学,阅读,1
837,宝山区通河第四小学,阅读,1
838,上海市干巷学校,艺术,1
839,上海市干巷学校,课程,1
840,上海市干巷学校,万里行,1
841,常熟市塔前小学,阅读,0
842,常熟市徐市中心小学,阅读,0
843,杨浦区六一小学,万里行,1
844,思来氏未来小学,,1
845,溧阳市实验幼儿园,万里行,1
846,溧阳市中关村实验小学,万里行,1
847,郑州市二七区政通路小学,阅读,1
848,奉贤区解放路小学,阅读,1
849,奉贤区解放路小学,课程,1
850,郑州市金水区南阳路第三小学,艺术,1
851,郑州市金水区南阳路第三小学,课程,1
852,普陀区曹杨新村第六小学,艺术,1
853,普陀区曹杨新村第六小学,课程,1
854,常熟市徐市中心小学,万里行,1
855,上海市闸北田家炳小学,课程,1
856,testschool,阅读,0
857,杨浦区水丰路小学分校,课程,1
858,杨浦区水丰路小学分校,阅读,1
859,宝山区红星幼儿园,,1
860,宝山区红星幼儿园,课程,1
861,黄浦区四川南路小学,艺术,1
862,黄浦区四川南路小学,课程,1
863,郑州市二七区祥云路小学,艺术,1
864,郑州市二七区祥云路小学,课程,1
865,金山区枫泾小学,万里行,1
866,常熟市塔前小学,阅读,1
867,常熟市塔前小学,艺术,1
868,常熟市塔前小学,课程,1
869,郑州市二七区政通路小学,艺术,1
870,郑州市二七区政通路小学,课程,1
871,郑州市二七区政通路小学,,0
872,郑州市二七区政通路小学,万里行,1
873,杨浦区平凉路第三小学,,1
874,静安区大宁国际幼儿园,万里行,1
875,新市镇中心小学,艺术,1
876,新市镇中心小学,课程,1
877,静安团委,阅读,0
878,杨浦区水丰路小学,阅读,0
879,杨浦区水丰路小学,阅读,1
880,杨浦区水丰路小学,课程,1
881,杨浦区国和小学,阅读,1
882,杨浦区国和小学,课程,1
883,温岭市松门镇中心小学,万里行,1
884,浦东新区新世界实验小学,,1
885,浦东新区新世界实验小学,课程,1
886,浦东新区新世界实验小学,艺术,1
887,浦东新区新世界实验小学,万里行,1
888,普陀区曹杨实验小学,,1
889,郑州市二七区龙岗实验小学,阅读,1
890,闵行区马桥实验幼儿园,阅读,0
891,郑州市二七区陇西国际城小学,阅读,0
892,包头市北方重工六小,阅读,0
893,包头市北方重工六小,万里行,1
894,上海市民办阳浦小学,课程,1
895,长宁区开元小学,万里行,1
896,常德市武陵区北正街小学,万里行,1
897,杨浦区齐齐哈尔路第一小学,阅读,1
898,杨浦区齐齐哈尔路第一小学,艺术,1
899,杨浦区齐齐哈尔路第一小学,课程,1
900,杨浦区国和二村幼稚园,阅读,0
901,徐汇实验幼儿园,阅读,0
902,徐汇区长桥第一幼儿园,阅读,0
903,徐汇区长桥第二幼儿园,阅读,0
904,徐汇区樱花园幼儿园,阅读,0
905,徐汇区长海幼儿园,阅读,0
906,徐汇区龙华幼儿园,阅读,0
907,徐汇区龙华第二幼儿园,阅读,0
908,杨浦区齐齐哈尔路第一小学,万里行,1
909,宝山区通河第四小学,艺术,1
910,宝山区通河第四小学,课程,1
911,徐汇区龙山幼儿园,万里行,1
912,金山区兴塔小学,万里行,1
913,徐汇区印象幼儿园,阅读,0
914,徐汇区瑞德幼儿园,阅读,0
915,徐汇区乐山幼儿园,阅读,0
916,徐汇区长桥第三幼儿园,阅读,0
917,徐汇区机关建国幼儿园,阅读,0
918,嘉定区留云幼儿园,阅读,0
919,徐汇区星辰幼儿园,阅读,0
920,德州市新湖南路小学,阅读,0
921,徐汇区星辰幼儿园,万里行,1
922,徐汇区长海幼儿园,万里行,1
923,徐汇区樱花园幼儿园,万里行,1
924,陵水黎族自治县北斗小学,艺术,0
925,闵行区马桥实验幼儿园,万里行,1
926,徐汇区印象幼儿园,万里行,1
927,静安区临汾路小学,艺术,1
928,静安区临汾路小学,课程,1
929,上海市金山区教院附小,万里行,1
930,嘉定区城中路小学,课程,1
931,长宁实验幼儿园,阅读,0
932,深圳市福田区东海实验小学,课程,1
933,深圳市福田区东海实验小学,万里行,1
934,徐汇区瑞德幼儿园,万里行,1
935,郑州市二七区陇西国际城小学,万里行,1
936,郑州市二七区龙岗实验小学,艺术,1
937,郑州市二七区龙岗实验小学,课程,1
938,松江区九亭第三小学,课程,1
939,静安区闸北成功教育实验小学,万里行,1
940,长宁实验小学,阅读,1
941,长宁实验小学,万里行,1
942,长宁实验小学,艺术,1
943,上海市闸北田家炳小学,阅读,1
944,崇明区竞存小学,阅读,1
945,崇明区陈家镇小学,阅读,0
946,崇明区庙镇小学,阅读,1
947,崇明区向化小学,阅读,0
948,上海市第一师范附属小学崇明区江帆小学,阅读,0
949,崇明区新村小学,阅读,1
950,徐汇区阳光幼儿园,阅读,0
951,徐汇区科技幼儿园,阅读,0
952,徐汇区康乐第一幼儿园,阅读,0
953,上海市第一师范附属小学崇明区江帆小学,,1
954,奉贤区解放路小学,万里行,1
955,思来氏未来小学,课程,1
956,崇明区新海学校,阅读,1
957,崇明区裕安小学,阅读,0
958,崇明区新民小学,阅读,1
959,崇明区平安小学,阅读,0
960,崇明区西门小学,阅读,0
961,崇明区建设小学,阅读,0
962,崇明区长江小学,阅读,1
963,海盐县天宁小学,阅读,1
964,嘉定区方泰小学,阅读,1
965,崇明区港沿小学,阅读,0
966,徐汇实验幼儿园,课程,0
967,徐汇实验幼儿园,万里行,1
968,徐汇区田林第六幼儿园,万里行,1
969,徐汇区长桥第三幼儿园,万里行,1
970,金山区海棠小学,课程,0
971,金山区海棠小学,课程,1
972,小思荣誉学院,阅读,0
973,闵行区闵行第四幼儿园,阅读,0
974,静安区新闸路幼儿园,阅读,0
975,徐汇区科技逸夫幼儿园,阅读,0
976,徐汇区梅陇幼儿园,阅读,0
977,上海市洛川学校,阅读,0
978,小思霍格沃兹,,1
979,杨浦区建设小学,,1
980,德州市新湖南路小学,万里行,1
981,大连市长海县四块石小学,阅读,0
982,徐汇区盛华幼儿园,阅读,0
983,郑州市二七区大学路第二小学,阅读,0
984,常州市朝阳新村第二小学,阅读,1
985,嘉定区叶城小学,课程,1
986,闵行区君莲幼儿园,阅读,0
987,徐汇区龙华第二幼儿园,万里行,1
988,嘉定区方泰小学,艺术,1
989,嘉定区方泰小学,课程,1
990,嘉定区方泰小学,,1
991,崇明区竞存小学,艺术,1
992,崇明区竞存小学,课程,1
993,小思荣誉学院,课程,1
994,小思荣誉学院,艺术,0
995,徐汇区长桥第二幼儿园,万里行,1
996,小长江们的小学校,阅读,1
997,小长江们的小学校,艺术,1
998,小长江们的小学校,课程,1
999,常州市朝阳新村第二小学,艺术,1
1000,常州市朝阳新村第二小学,课程,1
1001,崇明区庙镇小学,艺术,1
1002,崇明区庙镇小学,课程,1
1003,崇明区新民小学,课程,1
1004,崇明区新民小学,艺术,1
1005,郑州市经开区朝凤路小学,阅读,0
1006,平湖市乍浦小学,阅读,0
1007,徐汇区位育幼儿园,阅读,0
1008,徐汇区汇霖幼儿园,阅读,0
1009,郑州市二七区大学路第二小学,阅读,1
1010,郑州市二七区大学路第二小学,艺术,1
1011,郑州市二七区大学路第二小学,课程,1
1012,嘉定区温宿路幼儿园,阅读,0
1013,徐汇区乐山幼儿园,万里行,1
1014,徐汇区乐山幼儿园,,1
1015,闵行区颛桥镇第一幼儿园,阅读,0
1016,崇明区新村小学,课程,1
1017,崇明区新村小学,艺术,1
1018,崇明区长江小学,课程,1
1019,崇明区长江小学,艺术,1
1020,崇明区新海学校,艺术,1
1021,崇明区新海学校,课程,1
1022,上海市洛川学校,,1
1023,嘉定区绿地小学,课程,0
1024,郑州市郑东新区畅和街小学,课程,0
1025,崇明区裕安小学,艺术,0
1026,崇明区裕安小学,课程,0
1027,普陀区朝春中心小学,课程,0
1028,普陀区华阴小学,课程,0
1029,上海理工大学附属小学,课程,0
1030,上海市民办新世纪小学,课程,0
1031,徐汇区梅陇幼儿园,万里行,0
1032,静安区保德路小学,艺术,0
1033,静安区保德路小学,课程,0
1034,嘉定区安亭小学,课程,0
1035,宝山区虎林路第三小学,阅读,0
1036,宝山区虎林路第三小学,艺术,0
1037,宝山区虎林路第三小学,课程,0
1038,徐汇区长桥第一幼儿园,万里行,0
1039,徐汇区盛华幼儿园,万里行,0
1040,郑州市经开区朝凤路小学,艺术,0
1041,郑州市经开区朝凤路小学,课程,0
1042,崇明区建设小学,艺术,0
1043,崇明区建设小学,课程,0
1044,崇明区港沿小学,艺术,0
1045,崇明区港沿小学,课程,0
1046,上海市第一师范附属小学崇明区江帆小学,艺术,0
1047,上海市第一师范附属小学崇明区江帆小学,课程,0
1048,崇明区陈家镇小学,艺术,0
1049,崇明区陈家镇小学,课程,0
1050,普陀区洵阳路小学,阅读,0
1051,平湖市乍浦小学,艺术,0
1052,平湖市乍浦小学,课程,0
1053,崇明区平安小学,艺术,0
1054,崇明区平安小学,课程,0
1055,上海市光新学校,,0
1056,崇明区绿华小学,阅读,0
1057,崇明区绿华小学,艺术,0
1058,崇明区绿华小学,课程,0
1059,嘉定区南苑中学,阅读,0
1060,郑州市经开区朝凤路小学,万里行,0
1061,徐汇区位育幼儿园,万里行,0
1062,徐汇区乌鲁木齐南路幼儿园,,0
1063,嘉定区真新小学,万里行,0
1064,嘉定区真新小学,,0
1065,徐汇区龙华幼儿园,万里行,0
1066,徐汇区科技逸夫幼儿园,万里行,0
1067,北京第二外国语学院附属中学,阅读,0
1068,嘉定区封浜小学,万里行,0
